{"cameraMode":{"drawMode":0,"name":"Shaded","section":"Shading Mode"},"sceneLighting":true,"audioPlay":false,"sceneViewState":{"m_AlwaysRefresh":false,"showFog":true,"showSkybox":true,"showFlares":true,"showImageEffects":true,"showParticleSystems":true,"showVisualEffectGraphs":true,"m_FxEnabled":true},"in2DMode":false,"pivot":{"x":279.6752624511719,"y":260.6387023925781,"z":2.665721893310547},"rotation":{"x":-0.027308102697134019,"y":-0.020417265594005586,"z":0.00031319307163357735,"w":-0.999526858329773},"size":407.338623046875,"orthographic":false}