{"cameraMode":{"drawMode":0,"name":"Shaded","section":"Shading Mode"},"sceneLighting":true,"audioPlay":false,"sceneViewState":{"m_AlwaysRefresh":false,"showFog":true,"showSkybox":true,"showFlares":true,"showImageEffects":true,"showParticleSystems":true,"showVisualEffectGraphs":true,"m_FxEnabled":true},"in2DMode":false,"pivot":{"x":588.6813354492188,"y":305.14190673828127,"z":38.883544921875},"rotation":{"x":-0.02729516662657261,"y":-0.036582570523023608,"z":0.0008593897218815982,"w":-0.9990487098693848},"size":490.2320556640625,"orthographic":false}