{"cameraMode":{"drawMode":0,"name":"Shaded","section":"Shading Mode"},"sceneLighting":true,"audioPlay":false,"sceneViewState":{"m_AlwaysRefresh":false,"showFog":true,"showSkybox":true,"showFlares":true,"showImageEffects":true,"showParticleSystems":true,"showVisualEffectGraphs":true,"m_FxEnabled":true},"in2DMode":false,"pivot":{"x":-3.0264217853546144,"y":-1.2540998458862305,"z":-23.021451950073243},"rotation":{"x":0.2099822461605072,"y":-0.04833696782588959,"z":0.010575386695563794,"w":0.9765464067459106},"size":11.42344856262207,"orthographic":false}