{"cameraMode":{"drawMode":0,"name":"Shaded","section":"Shading Mode"},"sceneLighting":true,"audioPlay":false,"sceneViewState":{"m_AlwaysRefresh":false,"showFog":true,"showSkybox":true,"showFlares":true,"showImageEffects":true,"showParticleSystems":true,"showVisualEffectGraphs":true,"m_FxEnabled":true},"in2DMode":false,"pivot":{"x":5.7143754959106449,"y":-0.050562381744384769,"z":-31.458148956298829},"rotation":{"x":0.10511773079633713,"y":0.698757529258728,"z":-0.10457383841276169,"w":0.6999539136886597},"size":7.537353038787842,"orthographic":false}