{"cameraMode":{"drawMode":0,"name":"Shaded","section":"Shading Mode"},"sceneLighting":false,"audioPlay":false,"sceneViewState":{"m_AlwaysRefresh":false,"showFog":true,"showSkybox":false,"showFlares":true,"showImageEffects":true,"showParticleSystems":true,"showVisualEffectGraphs":true,"m_FxEnabled":true},"in2DMode":false,"pivot":{"x":-0.9697222113609314,"y":4.261801719665527,"z":-34.537864685058597},"rotation":{"x":-0.22576230764389039,"y":0.16938629746437074,"z":-0.039932943880558017,"w":-0.9585831761360169},"size":1.5674272775650025,"orthographic":false}