{"cameraMode":{"drawMode":0,"name":"Shaded","section":"Shading Mode"},"sceneLighting":false,"audioPlay":false,"sceneViewState":{"m_AlwaysRefresh":false,"showFog":true,"showSkybox":false,"showFlares":true,"showImageEffects":true,"showParticleSystems":true,"showVisualEffectGraphs":true,"m_FxEnabled":true},"in2DMode":false,"pivot":{"x":-1.0419254302978516,"y":3.8580801486968996,"z":-34.7784423828125},"rotation":{"x":-0.22576230764389039,"y":0.16938629746437074,"z":-0.039932943880558017,"w":-0.9585831761360169},"size":0.36742717027664187,"orthographic":false}